payment_id,order_id,rrn,captured_at,amount,instrument,bank,is_international,status,fee_charged,gst_charged
pay_00028,ord_00028,954417070283,2026-06-22T09:43:01+05:30,432.49,UPI,,false,CAPTURED,0.00,0.00
pay_00076,ord_00076,633807152483,2026-06-02T10:25:46+05:30,8227.25,DEBIT_CARD,,false,CAPTURED,74.05,13.33
pay_00021,ord_00021,104498657750,2026-06-30T09:24:09+05:30,11984.50,CREDIT_CARD,,false,CAPTURED,239.69,43.14
pay_00357,ord_00357,242469777586,2026-06-23T12:25:43+05:30,469.00,DEBIT_CARD,,false,CAPTURED,1.88,0.34
pay_dec5b,ord_dec5b,858176700414,2026-06-01T10:00:57+05:30,2340.00,DEBIT_CARD,,false,CAPTURED,21.06,3.79
pay_00190,ord_00190,349050153097,2026-06-22T20:11:51+05:30,22386.00,CREDIT_CARD,,false,CAPTURED,447.72,80.59
pay_amb11,ord_amb11,206999432339,2026-06-25T23:40:46+05:30,4747.00,CREDIT_CARD,,false,CAPTURED,94.94,17.09
pay_amb41,ord_amb41,671120776961,2026-06-12T23:40:51+05:30,2040.00,CREDIT_CARD,,false,CAPTURED,40.80,7.34
pay_00073,ord_00073,226158239623,2026-06-18T17:01:40+05:30,707.01,UPI,,false,CAPTURED,0.00,0.00
pay_00111,ord_00111,667778725895,2026-06-10T10:16:46+05:30,12562.00,NETBANKING,YES,false,CAPTURED,20.00,3.60
pay_00046,ord_00046,647952060338,2026-06-10T13:08:43+05:30,2208.00,UPI,,false,CAPTURED,0.00,0.00
pay_00080,ord_00080,849727322455,2026-06-09T15:30:31+05:30,4505.49,CREDIT_CARD,,false,CAPTURED,90.11,16.22
pay_00435,ord_00435,564009512786,2026-06-18T10:23:57+05:30,438.00,UPI,,false,CAPTURED,0.00,0.00
pay_00137,ord_00137,800800272804,2026-06-19T09:10:15+05:30,4291.00,NETBANKING,YES,false,CAPTURED,20.00,3.60
pay_00379,ord_00379,724943022317,2026-06-25T11:35:57+05:30,2140.50,DEBIT_CARD,,false,CAPTURED,19.26,3.47
pay_00273,ord_00273,653306346990,2026-06-18T06:08:56+05:30,8709.99,DEBIT_CARD,,false,CAPTURED,78.39,14.11
pay_00149,ord_00149,165593418246,2026-06-04T12:29:19+05:30,1718.01,UPI,,false,CAPTURED,0.00,0.00
pay_00401,ord_00401,135264754090,2026-06-11T16:53:27+05:30,397.25,UPI,,false,CAPTURED,0.00,0.00
pay_dec0a,ord_dec0a,640011176473,2026-06-05T09:00:58+05:30,1852.00,DEBIT_CARD,,false,CAPTURED,7.41,1.33
pay_00216,ord_00216,845858689197,2026-06-10T16:09:22+05:30,45491.75,CREDIT_CARD,,false,CAPTURED,909.84,163.77
pay_00449,ord_00449,534104763865,2026-06-12T16:34:39+05:30,1685.00,DEBIT_CARD,,false,CAPTURED,6.74,1.21
pay_00008,ord_00008,960000409094,2026-06-25T19:00:48+05:30,8115.99,DEBIT_CARD,,false,CAPTURED,73.04,13.15
pay_00203,ord_00203,,2026-06-10T12:27:33+05:30,1279.00,UPI,,false,CAPTURED,0.00,0.00
pay_amb31,ord_amb31,343172849613,2026-06-26T23:40:02+05:30,6577.00,CREDIT_CARD,,false,CAPTURED,131.54,23.68
pay_00472,ord_00472,531651476720,2026-06-04T12:52:59+05:30,38091.25,CREDIT_CARD,,false,CAPTURED,761.83,137.13
pay_00013,ord_00013,511365012757,2026-06-25T16:14:05+05:30,2009.00,UPI,,false,CAPTURED,0.00,0.00
pay_00337,ord_00337,517957678062,2026-06-11T06:31:49+05:30,851.01,DEBIT_CARD,,false,CAPTURED,3.40,0.61
pay_00119,ord_00119,401130711249,2026-06-24T09:23:05+05:30,3363.25,NETBANKING,ICICI,false,CAPTURED,12.00,2.16
pay_00180,ord_00180,953375691334,2026-06-03T18:59:03+05:30,647.75,UPI,,false,CAPTURED,0.00,0.00
pay_00366,ord_00366,722406139118,2026-06-03T13:56:27+05:30,575.49,UPI,,false,CAPTURED,0.00,0.00
pay_00039,ord_00039,207834657095,2026-06-11T07:43:49+05:30,717.50,UPI,,false,CAPTURED,0.00,0.00
pay_00048,ord_00048,652077991676,2026-06-09T11:32:47+05:30,293.00,UPI,,false,CAPTURED,0.00,0.00
pay_00187,ord_00187,502361370262,2026-06-05T16:27:25+05:30,7350.50,DEBIT_CARD,,false,CAPTURED,66.15,11.91
pay_00326,ord_00326,615565680628,2026-06-08T20:58:01+05:30,3788.75,DEBIT_CARD,,false,CAPTURED,34.10,6.14
pay_00043,ord_00043,224652908219,2026-06-04T16:43:19+05:30,7515.50,DEBIT_CARD,,false,CAPTURED,67.64,12.18
pay_00365,ord_00365,381240428323,2026-06-30T15:46:26+05:30,2430.00,UPI,,false,CAPTURED,0.00,0.00
pay_amb20,ord_amb20,654348221566,2026-06-04T11:25:59+05:30,4142.00,CREDIT_CARD,,false,CAPTURED,82.84,14.91
pay_00113,ord_00113,988985004188,2026-06-16T09:35:42+05:30,148.00,UPI,,false,CAPTURED,0.00,0.00
pay_00437,ord_00437,196083842839,2026-06-04T20:54:19+05:30,33367.50,CREDIT_CARD,,false,CAPTURED,667.35,120.12
pay_00068,ord_00068,152244076327,2026-06-10T06:45:11+05:30,677.99,UPI,,false,CAPTURED,0.00,0.00
pay_00169,ord_00169,148809357041,2026-06-19T18:44:59+05:30,11161.01,NETBANKING,YES,false,CAPTURED,26.04,4.69
pay_00338,ord_00338,720625980565,2026-06-24T11:45:08+05:30,779.00,UPI,,false,CAPTURED,0.00,0.00
pay_00007,ord_00007,740888529187,2026-06-23T20:39:00+05:30,2170.75,UPI,,false,CAPTURED,0.00,0.00
pay_00171,ord_00171,980023046500,2026-06-04T22:06:29+05:30,1588.25,UPI,,false,CAPTURED,0.00,0.00
pay_00098,ord_00098,536801949681,2026-06-08T23:20:33+05:30,676.50,DEBIT_CARD,,false,CAPTURED,2.71,0.49
pay_00479,ord_00479,955618500398,2026-06-10T22:54:30+05:30,795.25,UPI,,false,CAPTURED,2.73,0.49
pay_00040,ord_00040,109143411104,2026-06-11T18:25:47+05:30,44041.00,CREDIT_CARD,,false,CAPTURED,880.82,158.55
pay_00217,ord_00217,178404090451,2026-06-22T22:17:40+05:30,116.00,UPI,,false,CAPTURED,0.00,0.00
pay_00312,ord_00312,402036766693,2026-06-04T14:30:07+05:30,2235.00,DEBIT_CARD,,false,CAPTURED,20.12,3.62
pay_00033,ord_00033,192490799283,2026-06-23T20:15:41+05:30,2503.50,DEBIT_CARD,,false,CAPTURED,22.53,4.06
pay_00347,ord_00347,899463957595,2026-06-01T14:40:42+05:30,6940.00,DEBIT_CARD,,false,CAPTURED,62.46,11.24
pay_00405,ord_00405,175039854012,2026-06-08T13:03:22+05:30,1632.00,UPI,,false,CAPTURED,0.00,0.00
pay_00436,ord_00436,,2026-06-15T17:36:31+05:30,4905.01,DEBIT_CARD,,false,CAPTURED,44.15,7.95
pay_00264,ord_00264,593242416767,2026-06-26T22:04:26+05:30,1491.50,UPI,,false,CAPTURED,0.00,0.00
pay_00004,ord_00004,161057965825,2026-06-08T12:02:25+05:30,45938.00,CREDIT_CARD,,false,CAPTURED,918.76,165.38
pay_00152,ord_00152,983183189051,2026-06-04T17:17:48+05:30,4561.25,WALLET,,false,CAPTURED,82.10,14.78
pay_00339,ord_00339,784100461968,2026-06-04T09:44:57+05:30,934.00,UPI,,false,CAPTURED,0.00,0.00
pay_00235,ord_00235,129030773667,2026-06-11T17:22:26+05:30,4398.99,WALLET,,false,CAPTURED,79.18,14.25
pay_dec5a,ord_dec5a,787415941395,2026-06-01T09:00:57+05:30,1787.00,DEBIT_CARD,,false,CAPTURED,7.15,1.29
pay_00285,ord_00285,618635742382,2026-06-05T15:52:14+05:30,107.49,UPI,,false,CAPTURED,0.00,0.00
pay_00012,ord_00012,707911139398,2026-06-05T15:13:11+05:30,372.50,UPI,,false,CAPTURED,0.00,0.00
pay_00059,ord_00059,259445914412,2026-06-10T10:14:34+05:30,42101.00,CREDIT_CARD,,false,CAPTURED,842.02,151.56
pay_00408,ord_00408,272092166254,2026-06-08T11:28:42+05:30,2397.49,UPI,,false,CAPTURED,0.00,0.00
pay_00463,ord_00463,271531437951,2026-06-19T10:25:32+05:30,777.50,UPI,,false,CAPTURED,0.00,0.00
pay_00125,ord_00125,938182455771,2026-06-03T08:32:19+05:30,4583.99,DEBIT_CARD,,false,CAPTURED,65.26,11.75
pay_00173,ord_00173,620539013313,2026-06-16T08:27:36+05:30,418.25,UPI,,false,CAPTURED,0.00,0.00
pay_00356,ord_00356,144256155447,2026-06-08T11:29:09+05:30,4041.00,DEBIT_CARD,,false,CAPTURED,36.37,6.55
pay_00133,ord_00133,558292582610,2026-06-30T10:57:37+05:30,1091.25,NETBANKING,HDFC,false,CAPTURED,12.00,2.16
pay_00495,ord_00495,202821260208,2026-06-17T07:28:00+05:30,216.75,UPI,,false,CAPTURED,0.00,0.00
pay_00180,ord_00180,953375691334,2026-06-03T18:59:03+05:30,647.75,UPI,,false,CAPTURED,0.00,0.00
pay_00205,ord_00205,236506633812,2026-06-02T23:42:38+05:30,1505.49,UPI,,false,CAPTURED,0.00,0.00
pay_00082,ord_00082,928457434229,2026-06-17T13:13:50+05:30,2828.00,NETBANKING,KOTAK,false,CAPTURED,15.00,2.70
pay_00352,ord_00352,591829126427,2026-06-26T17:46:19+05:30,42542.75,CREDIT_CARD,,false,CAPTURED,850.86,153.15
pay_00108,ord_00108,804976819929,2026-06-25T14:47:32+05:30,2221.75,UPI,,false,CAPTURED,0.00,0.00
pay_00130,ord_00130,408454309533,2026-06-12T08:40:27+05:30,3095.00,CREDIT_CARD,,false,CAPTURED,61.90,11.14
pay_00213,ord_00213,593570436362,2026-06-15T08:17:29+05:30,11443.99,NETBANKING,ICICI,false,CAPTURED,12.00,2.16
pay_00049,ord_00049,965089098688,2026-06-01T09:23:30+05:30,8693.01,DEBIT_CARD,,false,CAPTURED,78.24,14.08
pay_00321,ord_00321,220949287232,2026-06-17T08:39:19+05:30,1849.49,UPI,,false,CAPTURED,0.00,0.00
pay_00118,ord_00118,341492793022,2026-06-24T10:32:32+05:30,942.50,UPI,,false,CAPTURED,0.00,0.00
pay_00090,ord_00090,418400560730,2026-06-10T09:44:48+05:30,17887.75,CREDIT_CARD,,false,CAPTURED,357.76,64.40
pay_00220,ord_00220,902259633336,2026-06-30T08:05:33+05:30,1516.25,UPI,,false,CAPTURED,0.00,0.00
pay_00255,ord_00255,,2026-06-03T11:41:15+05:30,21989.49,CREDIT_CARD,,false,CAPTURED,439.79,79.16
pay_00006,ord_00006,771178763208,2026-06-05T06:04:59+05:30,492.50,UPI,,false,CAPTURED,0.00,0.00
pay_00188,ord_00188,677149448946,2026-06-22T15:05:02+05:30,13403.00,NETBANKING,SBI,false,CAPTURED,18.00,3.24
pay_00093,ord_00093,,2026-06-04T14:57:22+05:30,327.00,UPI,,false,CAPTURED,0.00,0.00
pay_00225,ord_00225,,2026-06-17T14:56:08+05:30,10557.25,CREDIT_CARD,,false,CAPTURED,211.15,38.01
pay_00260,ord_00260,877448239284,2026-06-17T20:29:43+05:30,1765.00,UPI,,false,CAPTURED,0.00,0.00
pay_00489,ord_00489,208529865001,2026-06-05T21:48:05+05:30,21357.01,NETBANKING,YES,false,CAPTURED,20.00,3.60
pay_00469,ord_00469,620128926628,2026-06-12T16:10:34+05:30,724.25,UPI,,false,CAPTURED,0.00,0.00
pay_00168,ord_00168,887987579140,2026-06-15T18:33:37+05:30,46185.00,CREDIT_CARD,,false,CAPTURED,923.70,166.27
pay_00441,ord_00441,910792861772,2026-06-26T11:39:58+05:30,6900.00,DEBIT_CARD,,false,CAPTURED,62.10,11.18
pay_00281,ord_00281,611388114626,2026-06-11T18:51:07+05:30,23639.50,CREDIT_CARD,,false,CAPTURED,493.11,88.76
pay_00181,ord_00181,650703409147,2026-06-23T12:27:07+05:30,127.00,UPI,,false,CAPTURED,0.00,0.00
pay_00432,ord_00432,860249705323,2026-06-09T10:05:21+05:30,636.00,UPI,,false,CAPTURED,0.00,0.00
pay_00348,ord_00348,529817313221,2026-06-02T06:43:06+05:30,6331.00,DEBIT_CARD,,false,CAPTURED,56.98,10.26
pay_00487,ord_00487,797447421019,2026-06-01T13:12:01+05:30,7749.99,DEBIT_CARD,,false,CAPTURED,69.75,12.56
pay_00324,ord_00324,916126156693,2026-06-05T14:59:12+05:30,27962.00,CREDIT_CARD,,false,CAPTURED,559.24,100.66
pay_00135,ord_00135,391092942808,2026-06-11T20:17:42+05:30,6953.75,DEBIT_CARD,,false,CAPTURED,62.58,11.26
pay_00241,ord_00241,416575974419,2026-06-11T16:22:43+05:30,20899.01,CREDIT_CARD,,false,CAPTURED,417.98,75.24
pay_00094,ord_00094,176587615135,2026-06-24T09:01:45+05:30,4696.25,WALLET,,false,CAPTURED,84.53,15.22
pay_00399,ord_00399,811064583985,2026-06-24T21:02:32+05:30,19347.49,NETBANKING,ICICI,false,CAPTURED,12.00,2.16
pay_dec4c,ord_dec4c,,2026-06-12T11:00:39+05:30,3790.00,DEBIT_CARD,,false,CAPTURED,34.11,6.14
pay_00072,ord_00072,557354016244,2026-06-10T21:30:51+05:30,8885.00,DEBIT_CARD,,false,CAPTURED,79.97,14.39
pay_00457,ord_00457,689108884652,2026-06-11T09:07:29+05:30,667.00,UPI,,false,CAPTURED,0.00,0.00
pay_00230,ord_00230,571404112864,2026-06-29T22:38:55+05:30,4125.75,DEBIT_CARD,,false,CAPTURED,37.13,6.68
pay_00430,ord_00430,923223431664,2026-06-17T13:52:02+05:30,5500.00,DEBIT_CARD,,false,CAPTURED,49.50,8.91
pay_00391,ord_00391,663059228673,2026-06-19T15:59:58+05:30,392.25,UPI,,false,CAPTURED,0.00,0.00
pay_00295,ord_00295,781198544784,2026-06-04T20:31:40+05:30,1873.00,UPI,,false,CAPTURED,0.00,0.00
pay_00360,ord_00360,761127722727,2026-06-08T07:16:05+05:30,1325.00,UPI,,false,CAPTURED,0.00,0.00
pay_00420,ord_00420,889500064993,2026-06-26T14:32:07+05:30,1751.99,WALLET,,false,CAPTURED,31.54,5.68
pay_amb01,ord_amb01,,2026-06-04T23:40:32+05:30,5187.00,CREDIT_CARD,,false,CAPTURED,103.74,18.67
pay_00247,ord_00247,191505031957,2026-06-29T12:51:34+05:30,15595.49,CREDIT_CARD,,false,CAPTURED,311.91,56.14
pay_00354,ord_00354,399478602446,2026-06-16T20:03:23+05:30,1039.00,DEBIT_CARD,,false,CAPTURED,4.16,0.75
pay_str01,ord_str01,664442988668,2026-06-17T23:21:00+05:30,734.00,CREDIT_CARD,,false,CAPTURED,14.68,2.64
pay_00231,ord_00231,173720396819,2026-06-12T21:25:21+05:30,1073.00,UPI,,false,CAPTURED,0.00,0.00
pay_00378,ord_00378,987765442124,2026-06-29T20:55:44+05:30,788.00,UPI,,false,CAPTURED,0.00,0.00
pay_amb21,ord_amb21,254477917415,2026-06-04T23:40:59+05:30,4142.00,CREDIT_CARD,,false,CAPTURED,82.84,14.91
pay_00022,ord_00022,310268691837,2026-06-24T09:51:10+05:30,484.49,UPI,,false,CAPTURED,0.00,0.00
pay_dec1a,ord_dec1a,138207763368,2026-06-01T09:00:30+05:30,1161.00,DEBIT_CARD,,false,CAPTURED,4.64,0.84
pay_00305,ord_00305,199567379835,2026-06-23T08:10:02+05:30,812.00,UPI,,false,CAPTURED,0.00,0.00
pay_00208,ord_00208,468203097997,2026-06-30T12:41:38+05:30,1506.00,WALLET,,false,CAPTURED,27.11,4.88
pay_00265,ord_00265,671758652988,2026-06-17T07:31:25+05:30,45871.25,CREDIT_CARD,,false,CAPTURED,917.43,165.14
pay_00327,ord_00327,799873735527,2026-06-19T12:08:41+05:30,193.49,UPI,,false,CAPTURED,0.00,0.00
pay_00349,ord_00349,226784058124,2026-06-03T09:01:14+05:30,634.75,UPI,,false,CAPTURED,0.00,0.00
pay_00310,ord_00310,962442968203,2026-06-29T10:09:11+05:30,24565.01,NETBANKING,SBI,false,CAPTURED,18.00,3.24
pay_00034,ord_00034,303443952657,2026-06-26T17:50:43+05:30,3435.75,WALLET,,false,CAPTURED,61.84,11.13
pay_00283,ord_00283,457035915728,2026-06-24T23:50:16+05:30,36083.01,CREDIT_CARD,,false,CAPTURED,721.66,129.90
pay_00450,ord_00450,993190402498,2026-06-23T08:50:32+05:30,5255.49,CREDIT_CARD,,false,CAPTURED,105.11,18.92
pay_00490,ord_00490,911397324344,2026-06-10T13:37:26+05:30,36031.50,CREDIT_CARD,,false,CAPTURED,720.63,129.71
pay_00141,ord_00141,850828455167,2026-06-25T12:32:16+05:30,692.00,UPI,,false,CAPTURED,0.00,0.00
pay_amb50,ord_amb50,162364545538,2026-06-30T11:16:53+05:30,2025.00,CREDIT_CARD,,false,CAPTURED,40.50,7.29
pay_00044,ord_00044,,2026-06-25T23:05:29+05:30,5248.75,DEBIT_CARD,,false,CAPTURED,47.24,8.50
pay_00484,ord_00484,912116741789,2026-06-04T10:49:36+05:30,20196.75,CREDIT_CARD,,false,CAPTURED,403.94,72.71
pay_00211,ord_00211,696173407552,2026-06-09T14:02:49+05:30,2496.50,UPI,,false,CAPTURED,0.00,0.00
pay_00170,ord_00170,763534670392,2026-06-15T09:13:35+05:30,4081.75,WALLET,,false,CAPTURED,73.47,13.22
pay_00228,ord_00228,,2026-06-04T20:38:44+05:30,27811.50,NETBANKING,AXIS,false,CAPTURED,15.00,2.70
pay_00095,ord_00095,291261453598,2026-06-05T09:27:19+05:30,1071.01,UPI,,false,CAPTURED,0.00,0.00
pay_00163,ord_00163,576000547629,2026-06-03T07:58:26+05:30,4581.01,WALLET,,false,CAPTURED,82.46,14.84
pay_00483,ord_00483,335143185078,2026-06-16T15:05:07+05:30,918.99,UPI,,false,CAPTURED,0.00,0.00
pay_00409,ord_00409,,2026-06-10T06:26:32+05:30,499.25,UPI,,false,CAPTURED,0.00,0.00
pay_dec1b,ord_dec1b,520014543487,2026-06-01T10:00:30+05:30,637.00,DEBIT_CARD,,false,CAPTURED,2.55,0.46
pay_00376,ord_00376,668432966644,2026-06-11T16:27:58+05:30,833.00,UPI,,false,CAPTURED,0.00,0.00
pay_00087,ord_00087,201217999246,2026-06-05T14:20:10+05:30,431.00,UPI,,false,CAPTURED,0.00,0.00
pay_00254,ord_00254,944176648493,2026-06-03T21:24:09+05:30,25663.99,NETBANKING,ICICI,false,CAPTURED,12.00,2.16
pay_00051,ord_00051,262677629693,2026-06-22T10:42:42+05:30,1099.01,NETBANKING,SBI,false,CAPTURED,18.00,3.24
pay_00476,ord_00476,193635595229,2026-06-24T07:34:10+05:30,3880.50,DEBIT_CARD,,false,CAPTURED,34.92,6.29
pay_00452,ord_00452,,2026-06-30T06:11:26+05:30,7242.99,DEBIT_CARD,,false,CAPTURED,65.19,11.73
pay_00473,ord_00473,570845132324,2026-06-24T17:19:23+05:30,657.00,UPI,,false,CAPTURED,0.00,0.00
pay_00045,ord_00045,993209496097,2026-06-15T08:42:27+05:30,21875.99,CREDIT_CARD,,false,CAPTURED,437.52,78.75
pay_00271,ord_00271,315377138102,2026-06-10T19:04:30+05:30,36647.75,CREDIT_CARD,,false,CAPTURED,732.96,131.93
pay_dec0b,ord_dec0b,347350998531,2026-06-05T10:00:58+05:30,1340.00,DEBIT_CARD,,false,CAPTURED,5.36,0.96
pay_00412,ord_00412,226453114183,2026-06-03T18:31:19+05:30,1998.50,UPI,,false,CAPTURED,0.00,0.00
pay_00353,ord_00353,963725794211,2026-06-18T17:21:19+05:30,1905.01,UPI,,false,CAPTURED,0.00,0.00
pay_00236,ord_00236,679758450575,2026-06-16T21:52:40+05:30,537.00,UPI,,false,CAPTURED,0.00,0.00
pay_00498,ord_00498,329216297669,2026-06-30T23:37:53+05:30,1038.25,UPI,,false,CAPTURED,0.00,0.00
pay_00222,ord_00222,854253288164,2026-06-12T13:43:51+05:30,1653.99,UPI,,false,CAPTURED,0.00,0.00
pay_00210,ord_00210,124561542941,2026-06-17T10:25:02+05:30,335.00,UPI,,false,CAPTURED,0.00,0.00
pay_00189,ord_00189,575332452904,2026-06-15T06:53:09+05:30,1243.25,UPI,,false,CAPTURED,0.00,0.00
pay_00139,ord_00139,575239557102,2026-06-18T06:16:23+05:30,405.99,UPI,,false,CAPTURED,0.00,0.00
pay_00467,ord_00467,166325085596,2026-06-30T14:59:17+05:30,4264.99,DEBIT_CARD,,false,CAPTURED,38.38,6.91
pay_00201,ord_00201,157952188681,2026-06-08T15:34:28+05:30,19676.25,NETBANKING,KOTAK,false,CAPTURED,15.00,2.70
pay_00219,ord_00219,295194296602,2026-06-10T09:15:02+05:30,8194.01,DEBIT_CARD,,false,CAPTURED,73.75,13.28
pay_00459,ord_00459,466785094107,2026-06-29T20:52:19+05:30,133.99,UPI,,false,CAPTURED,0.00,0.00
pay_00019,ord_00019,746419961480,2026-06-23T22:53:57+05:30,24873.75,CREDIT_CARD,,false,CAPTURED,497.48,89.55
pay_00384,ord_00384,247253165372,2026-06-30T19:02:11+05:30,6932.49,DEBIT_CARD,,false,CAPTURED,62.39,11.23
pay_00143,ord_00143,735505608435,2026-06-30T14:29:16+05:30,1935.00,UPI,,false,CAPTURED,0.00,0.00
pay_00060,ord_00060,928709749572,2026-06-29T20:53:55+05:30,4931.99,DEBIT_CARD,,false,CAPTURED,44.39,7.99
pay_str03,ord_str03,162643287241,2026-06-17T23:23:00+05:30,4684.00,CREDIT_CARD,,false,CAPTURED,93.68,16.86
pay_00386,ord_00386,194915664324,2026-06-04T20:35:54+05:30,2258.75,UPI,,false,CAPTURED,0.00,0.00
pay_00114,ord_00114,664077683417,2026-06-05T15:50:09+05:30,25585.00,CREDIT_CARD,,false,CAPTURED,511.70,92.11
pay_00334,ord_00334,540497926534,2026-06-03T14:24:50+05:30,16029.99,CREDIT_CARD,,false,CAPTURED,320.60,57.71
pay_00026,ord_00026,378213082305,2026-06-26T15:15:09+05:30,35716.01,CREDIT_CARD,,false,CAPTURED,714.32,128.58
pay_00103,ord_00103,362621346087,2026-06-05T18:25:56+05:30,2986.00,DEBIT_CARD,,false,CAPTURED,26.87,4.84
pay_00336,ord_00336,759667597442,2026-06-29T21:07:50+05:30,384.75,UPI,,false,CAPTURED,0.00,0.00
pay_00253,ord_00253,320881385534,2026-06-17T09:11:14+05:30,4719.99,WALLET,,false,CAPTURED,84.96,15.29
pay_00233,ord_00233,699236522956,2026-06-10T19:00:23+05:30,5021.49,DEBIT_CARD,,false,CAPTURED,45.19,8.13
pay_00091,ord_00091,165401488272,2026-06-17T19:44:59+05:30,1891.01,WALLET,,false,CAPTURED,34.04,6.13
pay_00439,ord_00439,355642224100,2026-06-04T22:37:25+05:30,1396.25,DEBIT_CARD,,false,CAPTURED,5.59,1.01
pay_00138,ord_00138,983615196688,2026-06-29T06:34:49+05:30,5332.00,DEBIT_CARD,,false,CAPTURED,47.99,8.64
pay_00017,ord_00017,651815863507,2026-06-23T22:48:31+05:30,2753.00,NETBANKING,AXIS,false,CAPTURED,15.00,2.70
pay_00144,ord_00144,875751065703,2026-06-23T20:47:49+05:30,1967.49,WALLET,,false,CAPTURED,35.41,6.37
pay_00191,ord_00191,823378047629,2026-06-04T17:33:57+05:30,2686.00,DEBIT_CARD,,false,CAPTURED,24.17,4.35
pay_dec0c,ord_dec0c,941223567877,2026-06-05T11:00:58+05:30,3192.00,DEBIT_CARD,,false,CAPTURED,28.73,5.17
pay_00166,ord_00166,577923769443,2026-06-09T22:27:04+05:30,495.99,UPI,,false,CAPTURED,0.00,0.00
pay_amb51,ord_amb51,382142337855,2026-06-30T23:40:53+05:30,2025.00,CREDIT_CARD,,false,CAPTURED,40.50,7.29
pay_00381,ord_00381,481227235794,2026-06-16T23:34:52+05:30,812.00,UPI,,false,CAPTURED,0.00,0.00
pay_00159,ord_00159,702962259781,2026-06-11T22:23:23+05:30,2289.49,UPI,,false,CAPTURED,0.00,0.00
pay_00277,ord_00277,514552680535,2026-06-05T18:35:58+05:30,3605.50,DEBIT_CARD,,false,CAPTURED,32.45,5.84
pay_00031,ord_00031,258197807629,2026-06-12T15:34:50+05:30,3326.99,WALLET,,false,CAPTURED,59.89,10.78
pay_00319,ord_00319,282527424539,2026-06-30T06:03:17+05:30,1696.25,UPI,,false,CAPTURED,0.00,0.00
pay_00276,ord_00276,485633060608,2026-06-03T13:07:16+05:30,35052.01,CREDIT_CARD,,false,CAPTURED,701.04,126.19
pay_00184,ord_00184,982488338761,2026-06-17T06:37:51+05:30,3853.00,DEBIT_CARD,,false,CAPTURED,34.68,6.24
pay_00301,ord_00301,978009226430,2026-06-03T15:09:05+05:30,28755.50,CREDIT_CARD,,false,CAPTURED,599.43,107.90
pay_dec4a,ord_dec4a,757407128225,2026-06-12T09:00:39+05:30,1799.00,DEBIT_CARD,,false,CAPTURED,7.20,1.30
pay_00308,ord_00308,716711969507,2026-06-12T14:36:03+05:30,10517.25,CREDIT_CARD,,false,CAPTURED,210.35,37.86
pay_00302,ord_00302,264836432974,2026-06-24T14:39:41+05:30,2083.00,DEBIT_CARD,,false,CAPTURED,18.75,3.38
pay_str00,ord_str00,746117780162,2026-06-17T23:20:00+05:30,3050.00,CREDIT_CARD,,false,CAPTURED,61.00,10.98
pay_amb10,ord_amb10,516649734197,2026-06-25T11:37:46+05:30,4747.00,CREDIT_CARD,,false,CAPTURED,94.94,17.09
pay_00256,ord_00256,593736566016,2026-06-03T09:00:27+05:30,382.75,UPI,,false,CAPTURED,0.00,0.00
pay_00129,ord_00129,405472247394,2026-06-12T18:41:45+05:30,329.00,UPI,,false,CAPTURED,0.00,0.00
pay_00374,ord_00374,394324150900,2026-06-10T16:40:37+05:30,10603.00,NETBANKING,HDFC,false,CAPTURED,12.00,2.16
pay_00245,ord_00245,168148321902,2026-06-24T07:33:43+05:30,8386.49,CREDIT_CARD,,false,CAPTURED,167.73,30.19
pay_00032,ord_00032,424712980860,2026-06-15T22:16:13+05:30,2227.00,DEBIT_CARD,,false,CAPTURED,20.04,3.61
pay_00363,ord_00363,707269956600,2026-06-03T23:58:39+05:30,57.00,UPI,,false,CAPTURED,0.00,0.00
pay_00015,ord_00015,254819242057,2026-06-26T19:10:09+05:30,1568.00,EMI,,false,CAPTURED,39.20,7.06
pay_00491,ord_00491,287140636189,2026-06-10T09:43:44+05:30,34432.01,CREDIT_CARD,,false,CAPTURED,688.64,123.96
pay_00446,ord_00446,419842622364,2026-06-15T17:11:54+05:30,4305.25,WALLET,,false,CAPTURED,77.49,13.95
pay_00390,ord_00390,248539808278,2026-06-19T23:33:37+05:30,1404.01,WALLET,,false,CAPTURED,25.27,4.55
pay_00198,ord_00198,921953408542,2026-06-09T07:46:20+05:30,409.01,WALLET,,false,CAPTURED,7.36,1.32
pay_00333,ord_00333,941307445124,2026-06-29T11:51:48+05:30,5780.50,DEBIT_CARD,,false,CAPTURED,52.02,9.36
pay_00009,ord_00009,375379256923,2026-06-23T21:05:33+05:30,176.00,UPI,,false,CAPTURED,0.00,0.00
pay_dec1c,ord_dec1c,235520242276,2026-06-01T11:00:30+05:30,1798.00,DEBIT_CARD,,false,CAPTURED,7.19,1.29
pay_00470,ord_00470,388830916589,2026-06-23T13:20:50+05:30,2252.75,UPI,,false,CAPTURED,0.00,0.00
pay_00083,ord_00083,338039804648,2026-06-15T10:32:50+05:30,46360.00,CREDIT_CARD,,false,CAPTURED,927.20,166.90
pay_00126,ord_00126,,2026-06-24T20:55:12+05:30,16698.25,NETBANKING,ICICI,false,CAPTURED,12.00,2.16
pay_amb30,ord_amb30,794330322364,2026-06-26T11:50:02+05:30,6577.00,CREDIT_CARD,,false,CAPTURED,131.54,23.68
pay_00453,ord_00453,842984316654,2026-06-04T17:16:40+05:30,229.75,UPI,,false,CAPTURED,0.00,0.00
pay_00464,ord_00464,793892609370,2026-06-19T23:54:32+05:30,5579.25,CREDIT_CARD,,false,CAPTURED,111.59,20.09
pay_00127,ord_00127,450096218289,2026-06-24T07:45:25+05:30,1384.01,UPI,,false,CAPTURED,0.00,0.00
pay_dec5c,ord_dec5c,219428270777,2026-06-01T11:00:57+05:30,4127.00,DEBIT_CARD,,false,CAPTURED,37.14,6.69
pay_00061,ord_00061,640595756670,2026-06-18T17:56:05+05:30,2156.00,DEBIT_CARD,,false,CAPTURED,19.40,3.49
pay_00414,ord_00414,753001355697,2026-06-08T13:42:49+05:30,10560.00,CREDIT_CARD,,false,CAPTURED,211.20,38.02
pay_dec3a,ord_dec3a,,2026-06-23T09:00:58+05:30,813.00,DEBIT_CARD,,false,CAPTURED,3.25,0.59
pay_00478,ord_00478,143678738463,2026-06-02T10:06:03+05:30,674.00,UPI,,false,CAPTURED,0.00,0.00
pay_00262,ord_00262,556901402432,2026-06-15T21:53:31+05:30,7811.50,DEBIT_CARD,,false,CAPTURED,70.30,12.65
pay_00332,ord_00332,,2026-06-24T08:46:04+05:30,22503.49,NETBANKING,HDFC,false,CAPTURED,12.00,2.16
pay_00057,ord_00057,822254550312,2026-06-02T17:38:18+05:30,28710.00,NETBANKING,ICICI,false,CAPTURED,12.00,2.16
pay_00429,ord_00429,729068999723,2026-06-10T07:40:47+05:30,753.00,UPI,,false,CAPTURED,0.00,0.00
pay_00025,ord_00025,356642652025,2026-06-12T11:46:36+05:30,729.25,DEBIT_CARD,,false,CAPTURED,2.92,0.53
pay_00038,ord_00038,220625373826,2026-06-11T07:53:42+05:30,25523.00,NETBANKING,HDFC,false,CAPTURED,12.00,2.16
pay_00304,ord_00304,766306470047,2026-06-16T13:20:10+05:30,436.00,UPI,,false,CAPTURED,0.00,0.00
pay_00132,ord_00132,219049529986,2026-06-04T13:10:30+05:30,237.50,UPI,,false,CAPTURED,0.00,0.00
pay_00183,ord_00183,384259823089,2026-06-11T14:21:15+05:30,2830.75,WALLET,,false,CAPTURED,50.95,9.17
pay_00110,ord_00110,683563546453,2026-06-17T18:14:28+05:30,567.99,UPI,,false,CAPTURED,0.00,0.00
pay_00232,ord_00232,662087215032,2026-06-04T13:41:51+05:30,15050.99,NETBANKING,ICICI,false,CAPTURED,12.00,0.96
pay_amb00,ord_amb00,553275682990,2026-06-04T11:42:32+05:30,5187.00,CREDIT_CARD,,false,CAPTURED,103.74,18.67
pay_00340,ord_00340,235924628824,2026-06-11T19:55:47+05:30,2670.01,DEBIT_CARD,,false,CAPTURED,24.03,4.33
pay_00073,ord_00073,226158239623,2026-06-18T17:01:40+05:30,707.01,UPI,,false,CAPTURED,0.00,0.00
pay_00297,ord_00297,793753563190,2026-06-03T13:25:00+05:30,35811.99,CREDIT_CARD,,false,CAPTURED,716.24,128.92
pay_00400,ord_00400,783255551215,2026-06-04T11:32:15+05:30,4118.50,DEBIT_CARD,,false,CAPTURED,37.07,6.67
pay_00078,ord_00078,274346076409,2026-06-08T15:37:45+05:30,33710.25,CREDIT_CARD,,false,CAPTURED,674.21,121.36
pay_00020,ord_00020,293470564907,2026-06-19T19:04:14+05:30,2266.25,UPI,,false,CAPTURED,0.00,0.00
pay_00398,ord_00398,253560823192,2026-06-15T16:17:05+05:30,2261.01,DEBIT_CARD,,false,CAPTURED,20.35,3.66
pay_00330,ord_00330,334599991388,2026-06-05T11:33:28+05:30,14877.25,NETBANKING,ICICI,false,CAPTURED,12.00,2.16
pay_00404,ord_00404,162881248948,2026-06-29T13:29:54+05:30,1114.49,UPI,,false,CAPTURED,0.00,0.00
pay_00355,ord_00355,996520853050,2026-06-23T20:08:38+05:30,583.75,UPI,,false,CAPTURED,0.00,0.00
pay_00306,ord_00306,,2026-06-12T09:30:58+05:30,31806.00,EMI,,false,CAPTURED,795.15,143.13
pay_00471,ord_00471,953190499517,2026-06-04T21:32:20+05:30,5548.00,DEBIT_CARD,,false,CAPTURED,49.93,8.99
pay_00062,ord_00062,722596022512,2026-06-02T15:44:05+05:30,30561.00,CREDIT_CARD,,false,CAPTURED,611.22,110.02
pay_00462,ord_00462,658839010316,2026-06-09T10:17:16+05:30,12205.49,NETBANKING,YES,false,CAPTURED,20.00,3.60
pay_00148,ord_00148,275230671485,2026-06-10T11:28:46+05:30,4181.01,WALLET,,false,CAPTURED,75.26,13.55
pay_00204,ord_00204,412035426062,2026-06-02T07:15:31+05:30,688.00,UPI,,false,CAPTURED,0.00,0.00
pay_00212,ord_00212,581749149633,2026-06-05T11:55:49+05:30,27813.00,NETBANKING,YES,false,CAPTURED,20.00,3.60
pay_00041,ord_00041,654082286865,2026-06-23T16:41:58+05:30,36221.00,CREDIT_CARD,,false,CAPTURED,724.42,130.40
pay_00142,ord_00142,159751894492,2026-06-11T12:35:43+05:30,178.00,UPI,,false,CAPTURED,0.00,0.00
pay_00294,ord_00294,392418282250,2026-06-03T19:04:36+05:30,42421.01,CREDIT_CARD,,false,CAPTURED,875.47,157.58
pay_00280,ord_00280,948620073634,2026-06-10T20:30:48+05:30,1742.00,UPI,,false,CAPTURED,0.00,0.00
pay_00393,ord_00393,776826008059,2026-06-16T16:44:09+05:30,434.99,UPI,,false,CAPTURED,0.00,0.00
pay_00458,ord_00458,636464214907,2026-06-12T20:07:39+05:30,4378.75,CREDIT_CARD,,false,CAPTURED,87.58,15.76
pay_00258,ord_00258,860556906222,2026-06-09T07:38:11+05:30,1835.75,DEBIT_CARD,,false,CAPTURED,7.34,1.32
pay_00394,ord_00394,668846447221,2026-06-17T09:55:45+05:30,12201.49,NETBANKING,YES,false,CAPTURED,20.00,3.60
pay_00209,ord_00209,133376067123,2026-06-17T12:07:45+05:30,399.00,UPI,,false,CAPTURED,0.00,0.00
pay_00099,ord_00099,606979634127,2026-06-12T16:34:51+05:30,14540.00,NETBANKING,SBI,false,CAPTURED,18.00,3.24
pay_00314,ord_00314,758151697106,2026-06-30T08:19:48+05:30,406.75,UPI,,false,CAPTURED,0.00,0.00
pay_00035,ord_00035,403329518609,2026-06-29T11:38:19+05:30,284.00,UPI,,false,CAPTURED,0.00,0.00
pay_00050,ord_00050,337686269910,2026-06-16T17:10:08+05:30,73.00,UPI,,false,CAPTURED,0.00,0.00
pay_00237,ord_00237,366367516636,2026-06-02T19:28:24+05:30,21716.00,NETBANKING,YES,false,CAPTURED,20.00,3.60
pay_00218,ord_00218,436271448985,2026-06-01T19:29:27+05:30,371.99,UPI,,false,CAPTURED,0.00,0.00
pay_00056,ord_00056,985426633009,2026-06-17T16:41:45+05:30,3588.00,CREDIT_CARD,,false,CAPTURED,71.76,12.92
pay_00328,ord_00328,320529161733,2026-06-04T18:10:35+05:30,1836.49,UPI,,false,CAPTURED,0.00,0.00
pay_00136,ord_00136,,2026-06-04T18:14:06+05:30,1728.75,UPI,,false,CAPTURED,0.00,0.00
pay_00128,ord_00128,494134535633,2026-06-03T06:04:49+05:30,35945.49,CREDIT_CARD,,false,CAPTURED,718.91,129.40
pay_00410,ord_00410,667280576867,2026-06-29T15:14:30+05:30,8370.49,EMI,,false,CAPTURED,209.26,37.67
pay_00117,ord_00117,488950797957,2026-06-24T16:02:05+05:30,2469.75,DEBIT_CARD,,false,CAPTURED,22.23,4.00
pay_00185,ord_00185,496732215149,2026-06-22T16:07:49+05:30,106.00,UPI,,false,CAPTURED,0.00,0.00
pay_00421,ord_00421,338678265587,2026-06-09T11:12:14+05:30,647.99,UPI,,false,CAPTURED,0.00,0.00
pay_00423,ord_00423,604621380118,2026-06-11T16:13:59+05:30,29872.01,CREDIT_CARD,,false,CAPTURED,597.44,107.54
pay_00101,ord_00101,163720877828,2026-06-26T17:11:34+05:30,26901.50,CREDIT_CARD,,false,CAPTURED,538.03,96.85
pay_00250,ord_00250,495195618972,2026-06-30T18:40:57+05:30,8181.01,DEBIT_CARD,,false,CAPTURED,73.63,13.25
pay_00014,ord_00014,569726228179,2026-06-10T14:45:42+05:30,40937.01,CREDIT_CARD,,false,CAPTURED,818.74,147.37
pay_00397,ord_00397,145083732105,2026-06-25T18:40:32+05:30,566.00,UPI,,false,CAPTURED,0.00,0.00
pay_00248,ord_00248,558514351633,2026-06-10T22:28:26+05:30,263.00,UPI,,false,CAPTURED,0.00,0.00
pay_00242,ord_00242,226918130862,2026-06-09T20:42:15+05:30,23622.49,NETBANKING,ICICI,false,CAPTURED,12.00,2.16
pay_00226,ord_00226,865748583318,2026-06-16T17:23:43+05:30,79.01,UPI,,false,CAPTURED,0.00,0.00
pay_00102,ord_00102,653901942844,2026-06-03T18:50:38+05:30,5880.49,DEBIT_CARD,,false,CAPTURED,52.92,6.53
pay_00451,ord_00451,830345421451,2026-06-22T16:17:42+05:30,12624.49,NETBANKING,HDFC,false,CAPTURED,27.88,5.02
pay_00055,ord_00055,169741328676,2026-06-10T09:48:17+05:30,369.75,UPI,,false,CAPTURED,0.00,0.00
pay_00215,ord_00215,718810509694,2026-06-29T08:06:17+05:30,168.00,UPI,,false,CAPTURED,0.00,0.00
pay_00071,ord_00071,142043650134,2026-06-26T14:56:08+05:30,761.50,UPI,,false,CAPTURED,0.00,0.00
pay_00345,ord_00345,222329428236,2026-06-08T06:45:37+05:30,460.25,UPI,,false,CAPTURED,0.00,0.00
pay_00396,ord_00396,957334581097,2026-06-26T06:59:12+05:30,2917.01,DEBIT_CARD,,false,CAPTURED,26.25,4.73
pay_00350,ord_00350,123664651991,2026-06-16T20:20:12+05:30,44389.50,CREDIT_CARD,,false,CAPTURED,887.79,159.80
pay_00011,ord_00011,442344390373,2026-06-19T06:25:24+05:30,39898.00,CREDIT_CARD,,false,CAPTURED,797.96,143.63
pay_00030,ord_00030,193429694993,2026-06-09T14:14:19+05:30,1588.25,UPI,,false,CAPTURED,0.00,0.00
pay_00416,ord_00416,844183321599,2026-06-08T08:16:02+05:30,453.99,UPI,,false,CAPTURED,0.00,0.00
pay_00320,ord_00320,417420797388,2026-06-09T17:29:24+05:30,3836.00,DEBIT_CARD,,false,CAPTURED,34.52,6.21
pay_00010,ord_00010,734159287880,2026-06-25T12:33:01+05:30,34412.75,CREDIT_CARD,,false,CAPTURED,688.26,123.89
pay_00027,ord_00027,430637913102,2026-06-11T13:43:43+05:30,28209.00,CREDIT_CARD,,false,CAPTURED,564.18,101.55
pay_00444,ord_00444,681561724957,2026-06-01T06:39:33+05:30,4387.25,DEBIT_CARD,,false,CAPTURED,39.49,7.11
pay_00428,ord_00428,595827142788,2026-06-09T10:47:43+05:30,574.00,UPI,,false,CAPTURED,0.00,0.00
pay_00005,ord_00005,416369431503,2026-06-26T22:10:10+05:30,2254.50,UPI,,false,CAPTURED,0.00,0.00
pay_00426,ord_00426,205119703759,2026-06-11T10:18:23+05:30,44045.49,EMI,,false,CAPTURED,1101.14,198.21
pay_00447,ord_00447,998099480130,2026-06-05T06:17:30+05:30,3674.00,DEBIT_CARD,,false,CAPTURED,33.07,5.95
pay_00368,ord_00368,204879745636,2026-06-04T18:48:55+05:30,40173.50,CREDIT_CARD,,false,CAPTURED,803.47,144.62
pay_00037,ord_00037,979049254206,2026-06-04T22:05:37+05:30,247.99,UPI,,false,CAPTURED,0.00,0.00
pay_00243,ord_00243,641160968001,2026-06-12T18:20:14+05:30,525.00,UPI,,false,CAPTURED,0.00,0.00
pay_00274,ord_00274,,2026-06-23T12:35:58+05:30,13567.50,CREDIT_CARD,,false,CAPTURED,271.35,48.84
pay_00104,ord_00104,679482937713,2026-06-24T21:49:37+05:30,54.00,UPI,,false,CAPTURED,0.00,0.00
pay_00024,ord_00024,124490154173,2026-06-16T08:52:06+05:30,2469.00,UPI,,false,CAPTURED,0.00,0.00
pay_00036,ord_00036,355551894046,2026-06-10T18:32:52+05:30,5765.00,DEBIT_CARD,,false,CAPTURED,51.89,9.34
pay_00257,ord_00257,173115469752,2026-06-24T11:25:32+05:30,44358.01,AMEX,,false,CAPTURED,1242.02,223.56
pay_00325,ord_00325,306030053184,2026-06-09T21:51:34+05:30,1999.00,UPI,,false,CAPTURED,0.00,0.00
pay_00316,ord_00316,899229321428,2026-06-02T23:24:02+05:30,635.49,UPI,,false,CAPTURED,0.00,0.00
pay_00293,ord_00293,327470500636,2026-06-09T14:21:00+05:30,719.99,UPI,,false,CAPTURED,0.00,0.00
pay_00323,ord_00323,900897484209,2026-06-23T19:46:50+05:30,38125.99,CREDIT_CARD,,false,CAPTURED,762.52,137.25
pay_00160,ord_00160,474965375928,2026-06-08T16:37:38+05:30,18175.00,CREDIT_CARD,,false,CAPTURED,363.50,65.43
pay_00161,ord_00161,215772842466,2026-06-18T19:40:52+05:30,1775.50,DEBIT_CARD,,false,CAPTURED,7.10,1.28
pay_00411,ord_00411,482353500001,2026-06-12T07:40:32+05:30,269.25,UPI,,false,CAPTURED,0.00,0.00
pay_00385,ord_00385,117909393889,2026-06-12T19:14:41+05:30,4107.99,DEBIT_CARD,,false,CAPTURED,36.97,6.65
pay_00249,ord_00249,733188850408,2026-06-25T17:53:14+05:30,260.49,UPI,,false,CAPTURED,0.00,0.00
pay_00375,ord_00375,893438673102,2026-06-30T14:51:08+05:30,660.49,UPI,,false,CAPTURED,0.00,0.00
pay_00331,ord_00331,280069255738,2026-06-30T15:39:38+05:30,25243.49,NETBANKING,SBI,false,CAPTURED,18.00,3.24
pay_dec2a,ord_dec2a,788016615099,2026-06-03T09:00:03+05:30,2239.00,DEBIT_CARD,,false,CAPTURED,20.15,3.63
pay_00121,ord_00121,107036190247,2026-06-19T20:51:18+05:30,716.00,UPI,,false,CAPTURED,0.00,0.00
pay_00371,ord_00371,461031046572,2026-06-08T12:56:53+05:30,3092.25,DEBIT_CARD,,false,CAPTURED,27.83,5.01
pay_00240,ord_00240,539587224557,2026-06-18T15:53:28+05:30,7533.00,DEBIT_CARD,,false,CAPTURED,67.80,12.20
pay_00270,ord_00270,,2026-06-10T06:53:23+05:30,259.01,UPI,,false,CAPTURED,0.00,0.00
pay_00344,ord_00344,858311684365,2026-06-03T19:54:10+05:30,23157.75,NETBANKING,AXIS,false,CAPTURED,15.00,2.70
pay_00096,ord_00096,373273712420,2026-06-22T16:36:29+05:30,20763.99,NETBANKING,YES,false,CAPTURED,20.00,3.60
pay_00454,ord_00454,553595454632,2026-06-12T22:00:57+05:30,877.00,UPI,,false,CAPTURED,0.00,0.00
pay_00460,ord_00460,514299659078,2026-06-29T16:05:13+05:30,106.00,UPI,,false,CAPTURED,0.00,0.00
pay_00122,ord_00122,723145603988,2026-06-29T11:16:33+05:30,780.50,DEBIT_CARD,,false,CAPTURED,3.12,0.56
pay_00074,ord_00074,266472597024,2026-06-11T23:37:03+05:30,1497.25,UPI,,false,CAPTURED,0.00,0.00
pay_00058,ord_00058,574941940391,2026-06-25T12:41:46+05:30,778.75,UPI,,false,CAPTURED,0.00,0.00
pay_00267,ord_00267,955730680269,2026-06-24T14:26:52+05:30,3725.75,WALLET,,false,CAPTURED,67.06,12.07
pay_00343,ord_00343,417230271634,2026-06-22T10:51:15+05:30,23352.50,CREDIT_CARD,,false,CAPTURED,467.05,84.07
pay_00296,ord_00296,337363286115,2026-06-09T09:16:22+05:30,141.50,UPI,,false,CAPTURED,0.00,0.00
pay_00263,ord_00263,109314412359,2026-06-23T19:55:26+05:30,944.99,UPI,,false,CAPTURED,0.00,0.00
pay_00387,ord_00387,127169698646,2026-06-22T14:51:43+05:30,498.49,UPI,,false,CAPTURED,0.00,0.00
pay_00150,ord_00150,767645503813,2026-06-03T15:22:11+05:30,20876.75,NETBANKING,HDFC,false,CAPTURED,12.00,2.16
pay_00369,ord_00369,698078579044,2026-06-29T13:23:54+05:30,1703.75,DEBIT_CARD,,false,CAPTURED,6.82,1.23
pay_00433,ord_00433,644805162683,2026-06-03T15:19:05+05:30,1677.25,UPI,,false,CAPTURED,0.00,0.00
pay_00415,ord_00415,214232265534,2026-06-10T17:54:19+05:30,7925.49,CREDIT_CARD,,false,CAPTURED,158.51,28.53
pay_00443,ord_00443,433520036351,2026-06-26T22:24:02+05:30,3743.01,WALLET,,false,CAPTURED,67.37,12.13
pay_00403,ord_00403,158569661989,2026-06-05T11:09:23+05:30,537.25,UPI,,false,CAPTURED,0.00,0.00
pay_00300,ord_00300,288659976972,2026-06-04T17:55:56+05:30,266.25,UPI,,false,CAPTURED,0.00,0.00
pay_00278,ord_00278,482171062187,2026-06-04T22:34:19+05:30,525.00,UPI,,false,CAPTURED,0.00,0.00
pay_00465,ord_00465,597943725184,2026-06-16T20:52:59+05:30,6786.00,NETBANKING,AXIS,false,CAPTURED,15.00,2.70
pay_00335,ord_00335,970551427821,2026-06-23T07:11:40+05:30,2407.50,WALLET,,false,CAPTURED,59.15,10.65
pay_00431,ord_00431,453981566914,2026-06-22T14:12:36+05:30,1468.01,DEBIT_CARD,,false,CAPTURED,5.87,1.06
pay_00389,ord_00389,838211752855,2026-06-03T07:06:48+05:30,6334.75,DEBIT_CARD,,false,CAPTURED,57.01,10.26
pay_00067,ord_00067,495065003626,2026-06-29T08:45:45+05:30,18860.75,NETBANKING,HDFC,false,CAPTURED,12.00,2.16
pay_dec2b,ord_dec2b,628521603230,2026-06-03T10:00:03+05:30,634.00,DEBIT_CARD,,false,CAPTURED,2.54,0.46
pay_00214,ord_00214,971517185323,2026-06-22T11:57:08+05:30,826.99,UPI,,false,CAPTURED,0.00,0.00
pay_00269,ord_00269,849338117427,2026-06-08T18:12:33+05:30,157.25,UPI,,false,CAPTURED,0.00,0.00
pay_00427,ord_00427,247936379914,2026-06-30T08:12:30+05:30,2828.49,DEBIT_CARD,,false,CAPTURED,25.46,4.58
pay_00496,ord_00496,148041638472,2026-06-23T19:00:44+05:30,34175.00,CREDIT_CARD,,false,CAPTURED,683.50,123.03
pay_00475,ord_00475,802927882067,2026-06-16T07:35:10+05:30,569.49,UPI,,false,CAPTURED,0.00,0.00
pay_00448,ord_00448,572466257610,2026-06-18T11:47:37+05:30,5259.00,NETBANKING,KOTAK,false,CAPTURED,15.00,2.70
pay_00053,ord_00053,440898371022,2026-06-25T23:45:11+05:30,7349.50,DEBIT_CARD,,false,CAPTURED,66.15,11.91
pay_00326,ord_00326,615565680628,2026-06-08T20:58:01+05:30,3788.75,DEBIT_CARD,,false,CAPTURED,34.10,6.14
pay_00425,ord_00425,,2026-06-03T06:57:35+05:30,6381.75,CREDIT_CARD,,false,CAPTURED,127.64,22.98
pay_00318,ord_00318,560527052713,2026-06-05T06:17:43+05:30,3452.99,WALLET,,false,CAPTURED,62.15,11.19
pay_00229,ord_00229,809241812714,2026-06-19T11:24:03+05:30,718.99,UPI,,false,CAPTURED,0.00,0.00
pay_00109,ord_00109,,2026-06-30T20:54:35+05:30,8998.00,DEBIT_CARD,,false,CAPTURED,110.21,19.84
pay_00207,ord_00207,582796253861,2026-06-26T21:52:26+05:30,28596.00,CREDIT_CARD,,false,CAPTURED,571.92,102.95
pay_00388,ord_00388,809628171694,2026-06-12T10:40:50+05:30,8542.00,CREDIT_CARD,,false,CAPTURED,170.84,30.75
pay_00284,ord_00284,675148675715,2026-06-01T07:22:53+05:30,972.25,UPI,,false,CAPTURED,0.00,0.00
pay_00156,ord_00156,121905203379,2026-06-03T21:29:10+05:30,12153.99,NETBANKING,ICICI,false,CAPTURED,12.00,2.16
pay_00364,ord_00364,590207701974,2026-06-08T22:57:51+05:30,4543.00,WALLET,,false,CAPTURED,81.77,14.72
pay_00003,ord_00003,564611627328,2026-06-15T09:02:31+05:30,1089.99,UPI,,false,CAPTURED,0.00,0.00
pay_00485,ord_00485,644784559506,2026-06-12T10:27:45+05:30,6448.00,AMEX,,false,CAPTURED,180.54,32.50
pay_00272,ord_00272,230576237581,2026-06-01T09:08:57+05:30,477.00,UPI,,false,CAPTURED,0.00,0.00
pay_00261,ord_00261,626786821849,2026-06-22T07:31:18+05:30,618.50,UPI,,false,CAPTURED,0.00,0.00
pay_00066,ord_00066,298713805483,2026-06-26T17:49:22+05:30,1723.01,NETBANKING,AXIS,false,CAPTURED,15.00,2.70
pay_00413,ord_00413,671593917110,2026-06-17T17:29:38+05:30,313.00,UPI,,false,CAPTURED,0.00,0.00
pay_str04,ord_str04,687740493666,2026-06-17T23:24:00+05:30,5333.00,CREDIT_CARD,,false,CAPTURED,106.66,19.20
pay_00275,ord_00275,928152965237,2026-06-05T18:57:12+05:30,328.00,UPI,,false,CAPTURED,0.00,0.00
pay_00407,ord_00407,261612994380,2026-06-15T18:19:56+05:30,1185.50,UPI,,false,CAPTURED,0.00,0.00
pay_00085,ord_00085,525011194250,2026-06-01T06:43:07+05:30,60.01,UPI,,false,CAPTURED,0.00,0.00
pay_00499,ord_00499,925625341717,2026-06-09T16:45:33+05:30,4649.50,EMI,,false,CAPTURED,116.24,20.92
pay_00042,ord_00042,475344619208,2026-06-12T11:14:06+05:30,20066.49,CREDIT_CARD,,false,CAPTURED,401.33,72.24
pay_00317,ord_00317,711109355400,2026-06-23T15:58:22+05:30,7140.00,DEBIT_CARD,,false,CAPTURED,64.26,11.57
pay_00252,ord_00252,537602213869,2026-06-22T12:08:49+05:30,5950.00,DEBIT_CARD,,false,CAPTURED,53.55,9.64
pay_dec3c,ord_dec3c,726117678005,2026-06-23T11:00:58+05:30,2304.00,DEBIT_CARD,,false,CAPTURED,20.74,3.73
pay_00153,ord_00153,460845121237,2026-06-09T12:31:52+05:30,164.49,UPI,,false,CAPTURED,0.00,0.00
pay_00315,ord_00315,471998270443,2026-06-18T17:14:50+05:30,1221.75,CREDIT_CARD,,false,CAPTURED,24.44,4.40
pay_00417,ord_00417,634375282056,2026-06-16T19:04:01+05:30,47958.25,CREDIT_CARD,,false,CAPTURED,959.17,172.65
pay_00358,ord_00358,677504854628,2026-06-17T11:37:18+05:30,582.49,UPI,,false,CAPTURED,0.00,0.00
pay_00202,ord_00202,323204485096,2026-06-05T10:21:19+05:30,246.00,UPI,,false,CAPTURED,0.00,0.00
pay_00292,ord_00292,900265849304,2026-06-26T07:37:38+05:30,1367.01,CREDIT_CARD,,false,CAPTURED,27.34,4.92
pay_00065,ord_00065,617669001086,2026-06-17T11:40:28+05:30,262.00,UPI,,false,CAPTURED,0.00,0.00
pay_00162,ord_00162,768408219163,2026-06-22T09:34:05+05:30,16619.50,CREDIT_CARD,,false,CAPTURED,332.39,59.83
pay_00313,ord_00313,609061477932,2026-06-22T06:56:56+05:30,11178.01,CREDIT_CARD,,false,CAPTURED,223.56,40.24
pay_00182,ord_00182,365416460798,2026-06-19T19:02:16+05:30,11279.00,CREDIT_CARD,,true,CAPTURED,338.37,60.91
pay_00298,ord_00298,806120288545,2026-06-16T13:20:14+05:30,47546.49,CREDIT_CARD,,false,CAPTURED,950.93,171.17
pay_00097,ord_00097,542574434039,2026-06-26T08:12:54+05:30,55.00,UPI,,false,CAPTURED,0.00,0.00
pay_00196,ord_00196,270954894560,2026-06-10T20:20:27+05:30,8942.50,NETBANKING,SBI,false,CAPTURED,18.00,3.24
pay_00383,ord_00383,895674488305,2026-06-23T20:37:18+05:30,41995.25,CREDIT_CARD,,false,CAPTURED,871.13,156.80
pay_00124,ord_00124,280634722838,2026-06-26T11:30:08+05:30,4787.99,DEBIT_CARD,,false,CAPTURED,43.09,7.76
pay_00194,ord_00194,443748814732,2026-06-17T09:31:38+05:30,1031.00,WALLET,,false,CAPTURED,18.56,3.34
pay_00123,ord_00123,436756159842,2026-06-08T14:58:41+05:30,1187.99,UPI,,false,CAPTURED,0.00,0.00
pay_00234,ord_00234,805622509977,2026-06-11T11:35:12+05:30,257.49,UPI,,false,CAPTURED,0.00,0.00
pay_00497,ord_00497,851252889315,2026-06-29T12:23:36+05:30,43804.75,CREDIT_CARD,,false,CAPTURED,876.10,157.70
pay_00290,ord_00290,980405644720,2026-06-25T08:31:10+05:30,640.00,UPI,,false,CAPTURED,0.00,0.00
pay_00023,ord_00023,150678972812,2026-06-22T09:18:14+05:30,3745.25,DEBIT_CARD,,false,CAPTURED,33.71,6.07
pay_00077,ord_00077,508679686990,2026-06-15T23:42:16+05:30,29616.01,CREDIT_CARD,,false,CAPTURED,592.32,106.62
pay_00486,ord_00486,399147302824,2026-06-17T23:59:18+05:30,43266.00,EMI,,false,CAPTURED,1081.65,194.70
pay_dec2c,ord_dec2c,520022386866,2026-06-03T11:00:03+05:30,2873.00,DEBIT_CARD,,false,CAPTURED,25.86,4.65
pay_00329,ord_00329,507840099969,2026-06-03T19:21:05+05:30,26032.99,NETBANKING,AXIS,false,CAPTURED,15.00,2.70
pay_00081,ord_00081,473803613724,2026-06-10T14:27:04+05:30,1273.99,UPI,,false,CAPTURED,0.00,0.00
pay_00288,ord_00288,876447927198,2026-06-19T14:38:08+05:30,1524.00,UPI,,false,CAPTURED,0.00,0.00
pay_00174,ord_00174,968165635176,2026-06-02T21:29:01+05:30,885.00,WALLET,,false,CAPTURED,15.93,2.87
pay_00016,ord_00016,547223122253,2026-06-10T23:24:12+05:30,976.00,UPI,,false,CAPTURED,0.00,0.00
pay_00445,ord_00445,988608816533,2026-06-09T21:49:37+05:30,290.00,UPI,,false,CAPTURED,0.00,0.00
pay_00155,ord_00155,323922431380,2026-06-18T09:35:57+05:30,45061.75,CREDIT_CARD,,false,CAPTURED,901.24,161.02
pay_00392,ord_00392,125440873772,2026-06-18T09:54:54+05:30,44416.00,CREDIT_CARD,,false,CAPTURED,888.32,159.90
pay_00134,ord_00134,666875186413,2026-06-23T10:14:47+05:30,42104.25,CREDIT_CARD,,false,CAPTURED,842.09,151.58
pay_00069,ord_00069,828345053669,2026-06-16T07:16:31+05:30,700.25,UPI,,false,CAPTURED,0.00,0.00
pay_00466,ord_00466,277549399671,2026-06-12T08:18:33+05:30,526.99,UPI,,false,CAPTURED,0.00,0.00
pay_00154,ord_00154,737580966522,2026-06-08T18:54:31+05:30,849.50,UPI,,false,CAPTURED,0.00,0.00
pay_00063,ord_00063,165253326505,2026-06-19T08:36:24+05:30,20271.75,CREDIT_CARD,,false,CAPTURED,405.44,72.98
pay_00177,ord_00177,702155307055,2026-06-08T16:39:12+05:30,1560.49,UPI,,false,CAPTURED,0.00,0.00
pay_00493,ord_00493,334493409806,2026-06-10T15:45:17+05:30,1029.25,UPI,,false,CAPTURED,0.00,0.00
pay_00351,ord_00351,279109484856,2026-06-08T19:35:45+05:30,27839.25,NETBANKING,HDFC,false,CAPTURED,12.00,2.16
pay_00377,ord_00377,570558109012,2026-06-12T07:07:04+05:30,1165.25,UPI,,false,CAPTURED,0.00,0.00
pay_str02,ord_str02,447586461733,2026-06-17T23:22:00+05:30,4400.00,CREDIT_CARD,,false,CAPTURED,88.00,15.84
pay_00482,ord_00482,917602656247,2026-06-18T20:49:28+05:30,459.00,UPI,,false,CAPTURED,0.00,0.00
pay_00289,ord_00289,127223148484,2026-06-01T22:18:36+05:30,18578.00,NETBANKING,SBI,false,CAPTURED,18.00,3.24
pay_00307,ord_00307,766759749702,2026-06-25T14:31:59+05:30,329.99,UPI,,false,CAPTURED,0.00,0.00
pay_00419,ord_00419,705779552901,2026-06-09T12:26:49+05:30,137.25,UPI,,false,CAPTURED,0.00,0.00
pay_00422,ord_00422,698248126905,2026-06-08T22:10:05+05:30,26389.00,NETBANKING,SBI,false,CAPTURED,18.00,3.24
pay_00239,ord_00239,543202932750,2026-06-09T14:25:10+05:30,912.75,WALLET,,false,CAPTURED,16.43,2.96
pay_00206,ord_00206,369048264553,2026-06-11T16:38:43+05:30,27345.00,NETBANKING,AXIS,false,CAPTURED,15.00,2.70
pay_00186,ord_00186,311555412072,2026-06-04T15:40:32+05:30,37549.00,CREDIT_CARD,,false,CAPTURED,750.98,135.18
pay_00064,ord_00064,255964008396,2026-06-08T21:20:22+05:30,4320.00,WALLET,,false,CAPTURED,77.76,14.00
pay_00372,ord_00372,478374176695,2026-06-29T22:22:54+05:30,5218.49,DEBIT_CARD,,false,CAPTURED,46.97,8.45
pay_amb40,ord_amb40,696589009296,2026-06-12T11:51:51+05:30,2040.00,CREDIT_CARD,,false,CAPTURED,40.80,7.34
pay_00120,ord_00120,959017059219,2026-06-10T14:50:33+05:30,6018.00,DEBIT_CARD,,false,CAPTURED,54.16,9.75
pay_00115,ord_00115,184931492322,2026-06-26T19:31:39+05:30,3125.49,DEBIT_CARD,,false,CAPTURED,28.13,5.06
pay_00178_dup,ord_00178,330332569305,2026-06-09T14:20:31+05:30,977.99,DEBIT_CARD,,false,CAPTURED,3.91,0.70
pay_00488,ord_00488,603330138313,2026-06-01T20:46:23+05:30,156.50,UPI,,false,CAPTURED,0.00,0.00
pay_00474,ord_00474,294838737612,2026-06-01T06:26:49+05:30,748.50,UPI,,false,CAPTURED,0.00,0.00
pay_00244,ord_00244,734501321678,2026-06-22T10:49:26+05:30,733.49,UPI,,false,CAPTURED,0.00,0.00
pay_00341,ord_00341,170864340343,2026-06-26T10:53:31+05:30,2025.00,UPI,,false,CAPTURED,0.00,0.00
pay_00492,ord_00492,903073765137,2026-06-10T18:32:24+05:30,1752.00,UPI,,false,CAPTURED,0.00,0.00
pay_00367,ord_00367,400152512740,2026-06-24T22:01:45+05:30,8857.25,DEBIT_CARD,,false,CAPTURED,79.72,14.35
pay_00286,ord_00286,900152421992,2026-06-12T16:51:53+05:30,7439.00,CREDIT_CARD,,false,CAPTURED,148.78,26.78
pay_00322,ord_00322,457340093868,2026-06-05T19:57:36+05:30,505.50,UPI,,false,CAPTURED,0.00,0.00
pay_00178,ord_00178,973721047329,2026-06-09T14:17:31+05:30,977.99,DEBIT_CARD,,false,CAPTURED,3.91,0.70
pay_00116,ord_00116,913883198748,2026-06-04T15:04:30+05:30,4993.50,DEBIT_CARD,,false,CAPTURED,44.94,8.09
pay_00395,ord_00395,952020434895,2026-06-29T23:52:26+05:30,583.50,UPI,,false,CAPTURED,0.00,0.00
pay_00259,ord_00259,304149145287,2026-06-10T20:11:08+05:30,438.25,UPI,,false,CAPTURED,0.00,0.00
pay_00406,ord_00406,557653918670,2026-06-08T06:30:29+05:30,809.01,UPI,,false,CAPTURED,0.00,0.00
pay_00018,ord_00018,341662710466,2026-06-02T23:39:02+05:30,1257.99,UPI,,false,CAPTURED,0.00,0.00
pay_00309,ord_00309,297345241506,2026-06-04T18:45:21+05:30,23104.49,CREDIT_CARD,,false,CAPTURED,462.09,83.18
pay_00418,ord_00418,239709829352,2026-06-10T10:29:56+05:30,290.25,UPI,,false,CAPTURED,0.00,0.00
pay_00268,ord_00268,176518354785,2026-06-22T15:13:14+05:30,44984.00,CREDIT_CARD,,true,CAPTURED,1349.52,242.91
pay_00070,ord_00070,683546423351,2026-06-24T09:30:53+05:30,997.99,UPI,,false,CAPTURED,0.00,0.00
pay_00223,ord_00223,571515371324,2026-06-16T22:06:10+05:30,592.00,WALLET,,false,CAPTURED,10.66,1.92
pay_00002,ord_00002,867369835577,2026-06-04T18:40:38+05:30,1640.99,UPI,,false,CAPTURED,4.41,0.79
pay_00158,ord_00158,153431172248,2026-06-12T10:05:47+05:30,19645.50,CREDIT_CARD,,false,CAPTURED,392.91,70.72
pay_00054,ord_00054,852452342547,2026-06-22T20:44:03+05:30,612.50,UPI,,false,CAPTURED,0.00,0.00
pay_00373,ord_00373,186730286831,2026-06-12T19:42:09+05:30,409.49,UPI,,false,CAPTURED,0.00,0.00
pay_00176,ord_00176,189489756924,2026-06-23T11:25:50+05:30,17945.99,NETBANKING,KOTAK,false,CAPTURED,15.00,2.70
pay_00227,ord_00227,769967671457,2026-06-04T16:27:47+05:30,34794.50,EMI,,false,CAPTURED,885.33,159.36
pay_00197,ord_00197,955485573806,2026-06-12T18:46:52+05:30,46459.00,CREDIT_CARD,,false,CAPTURED,929.18,167.25
pay_00226,ord_00226,865748583318,2026-06-16T17:23:43+05:30,79.01,UPI,,false,CAPTURED,0.00,0.00
pay_00266,ord_00266,110751416417,2026-06-12T11:02:35+05:30,795.75,UPI,,false,CAPTURED,0.00,0.00
pay_00200,ord_00200,592649164076,2026-06-29T19:10:39+05:30,673.99,UPI,,false,CAPTURED,0.00,0.00
pay_00089,ord_00089,959297401283,2026-06-17T07:04:55+05:30,367.01,WALLET,,false,CAPTURED,6.61,1.19
pay_00179,ord_00179,430275260144,2026-06-22T08:59:06+05:30,145.99,UPI,,false,CAPTURED,0.00,0.00
pay_00164,ord_00164,416489961980,2026-06-19T14:44:58+05:30,198.75,UPI,,false,CAPTURED,0.00,0.00
pay_00461,ord_00461,520240185608,2026-06-03T06:50:39+05:30,25758.25,CREDIT_CARD,,false,CAPTURED,515.17,92.73
pay_00346,ord_00346,438662592026,2026-06-09T23:14:49+05:30,23014.50,CREDIT_CARD,,false,CAPTURED,460.29,82.85
pay_00370,ord_00370,,2026-06-11T08:42:49+05:30,29852.99,CREDIT_CARD,,false,CAPTURED,597.06,107.47
pay_00029_dup,ord_00029,523179402562,2026-06-17T12:41:25+05:30,27030.01,NETBANKING,YES,false,CAPTURED,20.00,3.60
pay_00279,ord_00279,760608973542,2026-06-12T22:22:11+05:30,44452.00,CREDIT_CARD,,false,CAPTURED,889.04,160.03
pay_00193,ord_00193,929947019812,2026-06-10T17:06:51+05:30,5816.00,DEBIT_CARD,,false,CAPTURED,52.34,10.37
pay_00192,ord_00192,312820812882,2026-06-01T11:08:16+05:30,632.00,UPI,,false,CAPTURED,0.00,0.00
pay_00299,ord_00299,178687084400,2026-06-22T08:27:04+05:30,2458.00,DEBIT_CARD,,false,CAPTURED,22.12,3.98
pay_00455,ord_00455,866480455675,2026-06-09T09:35:18+05:30,7832.01,DEBIT_CARD,,false,CAPTURED,70.49,12.69
pay_00251,ord_00251,,2026-06-22T12:27:13+05:30,803.00,UPI,,false,CAPTURED,0.00,0.00
pay_00362,ord_00362,674692156367,2026-06-18T06:50:49+05:30,8414.01,DEBIT_CARD,,false,CAPTURED,75.73,13.63
pay_00100,ord_00100,362193650971,2026-06-30T06:06:36+05:30,22289.00,CREDIT_CARD,,false,CAPTURED,445.78,80.24
pay_00438,ord_00438,650896289788,2026-06-29T21:19:36+05:30,670.00,UPI,,false,CAPTURED,2.24,0.40
pay_00494,ord_00494,743993539057,2026-06-09T20:13:35+05:30,703.75,UPI,,false,CAPTURED,0.00,0.00
pay_00086,ord_00086,962558234399,2026-06-03T15:18:31+05:30,1573.00,DEBIT_CARD,,false,CAPTURED,6.29,1.13
pay_00282,ord_00282,951492311774,2026-06-25T23:53:47+05:30,5107.00,DEBIT_CARD,,false,CAPTURED,45.96,8.27
pay_00291,ord_00291,667332257567,2026-06-30T13:33:49+05:30,6109.00,DEBIT_CARD,,false,CAPTURED,54.98,9.90
pay_00157,ord_00157,334307144226,2026-06-10T11:30:48+05:30,22380.01,CREDIT_CARD,,false,CAPTURED,447.60,80.57
pay_00287,ord_00287,366993070268,2026-06-09T11:39:18+05:30,1465.49,DEBIT_CARD,,false,CAPTURED,5.86,1.05
pay_00456,ord_00456,567001855720,2026-06-19T11:07:18+05:30,3890.00,WALLET,,false,CAPTURED,91.69,16.50
pay_00221,ord_00221,344112566666,2026-06-03T17:13:21+05:30,12066.49,CREDIT_CARD,,false,CAPTURED,241.33,43.44
pay_00477,ord_00477,183800404990,2026-06-19T06:37:01+05:30,521.00,UPI,,false,CAPTURED,0.00,0.00
pay_00199,ord_00199,110096795125,2026-06-12T15:00:11+05:30,47375.49,CREDIT_CARD,,false,CAPTURED,947.51,170.55
pay_00468,ord_00468,620626590752,2026-06-11T15:45:06+05:30,266.01,UPI,,false,CAPTURED,0.00,0.00
pay_00165,ord_00165,617318205298,2026-06-19T19:47:16+05:30,243.00,UPI,,false,CAPTURED,0.00,0.00
pay_00303,ord_00303,514123455637,2026-06-15T09:22:39+05:30,210.01,UPI,,false,CAPTURED,0.00,0.00
pay_00481,ord_00481,283241179361,2026-06-12T08:17:43+05:30,17673.00,NETBANKING,YES,false,CAPTURED,20.00,3.60
pay_00380,ord_00380,531936998486,2026-06-09T17:33:10+05:30,2287.01,DEBIT_CARD,,false,CAPTURED,20.58,3.70
pay_00088,ord_00088,907032268236,2026-06-04T12:27:16+05:30,447.00,UPI,,false,CAPTURED,0.00,0.00
pay_00001,ord_00001,287178755615,2026-06-19T12:52:45+05:30,21671.49,CREDIT_CARD,,false,CAPTURED,433.43,78.02
pay_00175,ord_00175,179913162546,2026-06-15T15:32:35+05:30,363.75,UPI,,false,CAPTURED,0.00,0.00
pay_00131,ord_00131,167190679265,2026-06-10T08:55:40+05:30,523.75,UPI,,false,CAPTURED,0.00,0.00
pay_00079,ord_00079,943503269475,2026-06-22T23:13:42+05:30,30211.00,CREDIT_CARD,,false,CAPTURED,604.22,108.76
pay_00238,ord_00238,211748945284,2026-06-22T07:12:12+05:30,15072.99,NETBANKING,YES,false,CAPTURED,20.00,3.60
pay_dec4b,ord_dec4b,172639589940,2026-06-12T10:00:39+05:30,1991.00,DEBIT_CARD,,false,CAPTURED,7.96,1.43
pay_00167,ord_00167,749519794057,2026-06-05T09:50:58+05:30,1482.00,DEBIT_CARD,,false,CAPTURED,5.93,1.07
pay_00342,ord_00342,841693394326,2026-06-08T10:25:47+05:30,1682.75,DEBIT_CARD,,false,CAPTURED,6.73,1.21
pay_00000,ord_00000,836361750102,2026-06-11T17:39:44+05:30,2537.00,CREDIT_CARD,,false,CAPTURED,50.74,9.13
pay_00047,ord_00047,236156929535,2026-06-15T15:49:12+05:30,47650.75,CREDIT_CARD,,false,CAPTURED,953.02,171.54
pay_00359,ord_00359,261925810213,2026-06-30T10:04:28+05:30,1829.00,WALLET,,false,CAPTURED,32.92,5.93
pay_00029,ord_00029,382878531220,2026-06-17T12:34:25+05:30,27030.01,NETBANKING,YES,false,CAPTURED,20.00,3.60
pay_00105,ord_00105,935905088347,2026-06-24T11:06:39+05:30,637.01,UPI,,false,CAPTURED,0.00,0.00
pay_00145,ord_00145,840918824747,2026-06-08T20:11:23+05:30,7284.00,DEBIT_CARD,,false,CAPTURED,65.56,11.80
pay_00106,ord_00106,518156603177,2026-06-16T14:06:50+05:30,1266.00,UPI,,false,CAPTURED,0.00,0.00
pay_00246,ord_00246,351294426657,2026-06-22T06:10:17+05:30,26884.00,CREDIT_CARD,,false,CAPTURED,537.68,96.78
pay_00172,ord_00172,664768973225,2026-06-19T09:36:16+05:30,3080.50,DEBIT_CARD,,false,CAPTURED,27.72,4.99
pay_00402,ord_00402,459108049683,2026-06-01T16:47:46+05:30,405.00,UPI,,false,CAPTURED,0.00,0.00
pay_00112,ord_00112,959748408803,2026-06-05T14:42:25+05:30,6416.00,DEBIT_CARD,,false,CAPTURED,57.74,10.39
pay_00331_dup,ord_00331,822511913246,2026-06-30T15:42:38+05:30,25243.49,NETBANKING,SBI,false,CAPTURED,18.00,3.24
pay_00440,ord_00440,593179737085,2026-06-19T19:04:28+05:30,3246.01,CREDIT_CARD,,false,CAPTURED,64.92,11.69
pay_00151,ord_00151,337785474998,2026-06-18T21:17:05+05:30,1165.49,UPI,,false,CAPTURED,0.00,0.00
pay_00311,ord_00311,,2026-06-25T07:21:46+05:30,39918.75,CREDIT_CARD,,false,CAPTURED,798.38,143.71
pay_00146,ord_00146,,2026-06-25T16:20:59+05:30,12831.00,NETBANKING,AXIS,false,CAPTURED,15.00,2.70
pay_00480,ord_00480,505469462385,2026-06-16T06:05:19+05:30,743.01,UPI,,false,CAPTURED,0.00,0.00
pay_00052,ord_00052,783616817134,2026-06-19T17:53:34+05:30,251.25,UPI,,false,CAPTURED,0.00,0.00
pay_00382,ord_00382,959713317212,2026-06-01T19:55:30+05:30,2007.49,UPI,,false,CAPTURED,0.00,0.00
pay_00424,ord_00424,289452471054,2026-06-26T21:15:32+05:30,596.75,UPI,,false,CAPTURED,0.00,0.00
pay_dec3b,ord_dec3b,977693596102,2026-06-23T10:00:58+05:30,1491.00,DEBIT_CARD,,false,CAPTURED,5.96,1.07
pay_00224,ord_00224,645273112082,2026-06-03T13:22:27+05:30,3343.75,NETBANKING,YES,false,CAPTURED,20.00,3.60
pay_00107,ord_00107,730546805370,2026-06-09T11:58:54+05:30,28510.49,CREDIT_CARD,,false,CAPTURED,570.21,102.64
pay_00092,ord_00092,847899377205,2026-06-25T09:30:30+05:30,963.25,UPI,,false,CAPTURED,3.38,0.61
pay_00075,ord_00075,852878649400,2026-06-12T17:22:40+05:30,746.49,UPI,,false,CAPTURED,0.00,0.00
pay_00147,ord_00147,164821386953,2026-06-19T20:13:37+05:30,18482.25,AMEX,,false,CAPTURED,517.50,90.15
pay_00442,ord_00442,707814617889,2026-06-29T17:19:12+05:30,8212.25,DEBIT_CARD,,false,CAPTURED,73.91,13.30
pay_00195,ord_00195,328502701213,2026-06-03T23:27:09+05:30,730.00,UPI,,false,CAPTURED,0.00,0.00
pay_00084,ord_00084,991187169660,2026-06-16T21:17:35+05:30,348.99,UPI,,false,CAPTURED,0.00,0.00
pay_00434,ord_00434,162477356717,2026-06-04T06:34:38+05:30,261.25,UPI,,false,CAPTURED,0.00,0.00
pay_00140,ord_00140,832509935753,2026-06-17T21:46:12+05:30,335.50,UPI,,false,CAPTURED,0.00,0.00
pay_00361,ord_00361,611110592923,2026-06-24T13:17:43+05:30,3479.50,DEBIT_CARD,,false,CAPTURED,31.32,6.59
